#timestamp [ns],filename
1693990801000000000,001.bmp
1693990801100000000,002.bmp
1693990801200000000,003.bmp
1693990801300000000,004.bmp
1693990801400000000,005.bmp
1693990801500000000,006.bmp
1693990801600000000,007.bmp
1693990801700000000,008.bmp
1693990801800000000,009.bmp
1693990801900000000,010.bmp
1693990802000000000,011.bmp
1693990802100000000,012.bmp
1693990802200000000,013.bmp
1693990802300000000,014.bmp
1693990802400000000,015.bmp
1693990802500000000,016.bmp
1693990802600000000,017.bmp
1693990802700000000,018.bmp
1693990802800000000,019.bmp
1693990802900000000,020.bmp
1693990803000000000,021.bmp
1693990803100000000,022.bmp
1693990803200000000,023.bmp
1693990803300000000,024.bmp
1693990803400000000,025.bmp
1693990803500000000,026.bmp
1693990803600000000,027.bmp
1693990803700000000,028.bmp
1693990803800000000,029.bmp
1693990803900000000,030.bmp
1693990804000000000,031.bmp
1693990804100000000,032.bmp
1693990804200000000,033.bmp
1693990804300000000,034.bmp
1693990804400000000,035.bmp
1693990804500000000,036.bmp
1693990804600000000,037.bmp
1693990804700000000,038.bmp
1693990804800000000,039.bmp
1693990804900000000,040.bmp
1693990805000000000,041.bmp
1693990805100000000,042.bmp
1693990805200000000,043.bmp
1693990805300000000,044.bmp
1693990805400000000,045.bmp
1693990805500000000,046.bmp
1693990805600000000,047.bmp
1693990805700000000,048.bmp
1693990805800000000,049.bmp
1693990805900000000,050.bmp
1693990806000000000,051.bmp
1693990806100000000,052.bmp
1693990806200000000,053.bmp
1693990806300000000,054.bmp
1693990806400000000,055.bmp
1693990806500000000,056.bmp
1693990806600000000,057.bmp
1693990806700000000,058.bmp
1693990806800000000,059.bmp
1693990806900000000,060.bmp
1693990807000000000,061.bmp
1693990807100000000,062.bmp
1693990807200000000,063.bmp
1693990807300000000,064.bmp
1693990807400000000,065.bmp
1693990807500000000,066.bmp
1693990807600000000,067.bmp
1693990807700000000,068.bmp
1693990807800000000,069.bmp
1693990807900000000,070.bmp
1693990808000000000,071.bmp
1693990808100000000,072.bmp
1693990808200000000,073.bmp
1693990808300000000,074.bmp
1693990808400000000,075.bmp
1693990808500000000,076.bmp
1693990808600000000,077.bmp
1693990808700000000,078.bmp
1693990808800000000,079.bmp
1693990808900000000,080.bmp
1693990809000000000,081.bmp
1693990809100000000,082.bmp
1693990809200000000,083.bmp
1693990809300000000,084.bmp
1693990809400000000,085.bmp
1693990809500000000,086.bmp
1693990809600000000,087.bmp
1693990809700000000,088.bmp
1693990809800000000,089.bmp
1693990809900000000,090.bmp
1693990810000000000,091.bmp
1693990810100000000,092.bmp
1693990810200000000,093.bmp
1693990810300000000,094.bmp
1693990810400000000,095.bmp
1693990810500000000,096.bmp
1693990810600000000,097.bmp
1693990810700000000,098.bmp
1693990810800000000,099.bmp
1693990810900000000,100.bmp
1693990811000000000,101.bmp
1693990811100000000,102.bmp
1693990811200000000,103.bmp
1693990811300000000,104.bmp
1693990811400000000,105.bmp
1693990811500000000,106.bmp
1693990811600000000,107.bmp
1693990811700000000,108.bmp
1693990811800000000,109.bmp
1693990811900000000,110.bmp
1693990812000000000,111.bmp
1693990812100000000,112.bmp
1693990812200000000,113.bmp
1693990812300000000,114.bmp
1693990812400000000,115.bmp
1693990812500000000,116.bmp
1693990822600000000,117.bmp
1693990822700000000,118.bmp
1693990822800000000,119.bmp
1693990822900000000,120.bmp
1693990823000000000,121.bmp
1693990823100000000,122.bmp
1693990823200000000,123.bmp
1693990823300000000,124.bmp
1693990823400000000,125.bmp
1693990823500000000,126.bmp
1693990823600000000,127.bmp
1693990823700000000,128.bmp
1693990823800000000,129.bmp
1693990823900000000,130.bmp
1693990824000000000,131.bmp
1693990824100000000,132.bmp
1693990824200000000,133.bmp
1693990824300000000,134.bmp
1693990824400000000,135.bmp
1693990824500000000,136.bmp
1693990824600000000,137.bmp
1693990824700000000,138.bmp
1693990824800000000,139.bmp
1693990824900000000,140.bmp
1693990825000000000,141.bmp
1693990825100000000,142.bmp
1693990825200000000,143.bmp
1693990825300000000,144.bmp
1693990825400000000,145.bmp
1693990825500000000,146.bmp
1693990825600000000,147.bmp
1693990825700000000,148.bmp
1693990825800000000,149.bmp
1693990825900000000,150.bmp
1693990826000000000,151.bmp
1693990826100000000,152.bmp
1693990826200000000,153.bmp
1693990826300000000,154.bmp
1693990826400000000,155.bmp
1693990826500000000,156.bmp
1693990826600000000,157.bmp
1693990826700000000,158.bmp
1693990826800000000,159.bmp
1693990826900000000,160.bmp
1693990827000000000,161.bmp
1693990827100000000,162.bmp
1693990827200000000,163.bmp
1693990827300000000,164.bmp
1693990827400000000,165.bmp
1693990827500000000,166.bmp
1693990827600000000,167.bmp
1693990827700000000,168.bmp
1693990827800000000,169.bmp
1693990827900000000,170.bmp
1693990828000000000,171.bmp
1693990828100000000,172.bmp
1693990828200000000,173.bmp
1693990828300000000,174.bmp
1693990828400000000,175.bmp
1693990828500000000,176.bmp
1693990828600000000,177.bmp
1693990828700000000,178.bmp
1693990828800000000,179.bmp
1693990828900000000,180.bmp
1693990829000000000,181.bmp
1693990829100000000,182.bmp
1693990829200000000,183.bmp
1693990829300000000,184.bmp
1693990829400000000,185.bmp
1693990829500000000,186.bmp
1693990829600000000,187.bmp
1693990829700000000,188.bmp
1693990829800000000,189.bmp
1693990829900000000,190.bmp
1693990830000000000,191.bmp
1693990830100000000,192.bmp
1693990830200000000,193.bmp
1693990830300000000,194.bmp
1693990830400000000,195.bmp
1693990830500000000,196.bmp
1693990830600000000,197.bmp
1693990830700000000,198.bmp
1693990830800000000,199.bmp
1693990830900000000,200.bmp
1693990831000000000,201.bmp
1693990831100000000,202.bmp
1693990831200000000,203.bmp
1693990831300000000,204.bmp
1693990831400000000,205.bmp
1693990831500000000,206.bmp
1693990831600000000,207.bmp
1693990831700000000,208.bmp
1693990831800000000,209.bmp
1693990831900000000,210.bmp
1693990832000000000,211.bmp
1693990832100000000,212.bmp
1693990832200000000,213.bmp
1693990832300000000,214.bmp
1693990832400000000,215.bmp
1693990832500000000,216.bmp
1693990832600000000,217.bmp
1693990832700000000,218.bmp
1693990832800000000,219.bmp
1693990832900000000,220.bmp
1693990833000000000,221.bmp
1693990833100000000,222.bmp
1693990833200000000,223.bmp
1693990833300000000,224.bmp
1693990833400000000,225.bmp
1693990833500000000,226.bmp
1693990833600000000,227.bmp
1693990833700000000,228.bmp
